Manuscript ID,Transfer Order,From Place,To Place,Year,From Owner,To Owner,Agent,Notes
Add MS 12273,1,Java,London,1842,John Crawfurd,British Library,Crawfurd Collection,Purchased
Add MS 12274,1,Java,London,1842,John Crawfurd,British Library,Crawfurd Collection,Purchased
Add MS 12275,1,Java,London,1842,John Crawfurd,British Library,Crawfurd Collection,Purchased
Add MS 12276,1,Java,London,1842,John Crawfurd,British Library,Crawfurd Collection,Purchased
Add MS 12277,1,Bali,London,,Rajah of Buleleng,John Crawfurd,,
Add MS 12277,2,London,London,1842,John Crawfurd,British Library,Crawfurd Collection,
Add MS 12278,1,Bali,London,,Rajah of Buleleng,John Crawfurd,,
Add MS 12278,2,London,London,1842,John Crawfurd,British Library,Crawfurd Collection,
Add MS 12279,1,Java,London,1842,John Crawfurd,British Library,Crawfurd Collection,Purchased
Add MS 12280,1,Java,London,1842,John Crawfurd,British Library,Crawfurd Collection,Purchased
Add MS 12281,1,Java,London,1842,John Crawfurd,British Library,Crawfurd Collection,Purchased
Add MS 12282,1,Java,London,1842,John Crawfurd,British Library,Crawfurd Collection,Purchased
Add MS 12283,1,Java,London,1842,John Crawfurd,British Library,Crawfurd Collection,Purchased
Add MS 12284,1,Java,London,1842,John Crawfurd,British Library,Crawfurd Collection,Purchased
Add MS 12285,1,Java,London,1842,John Crawfurd,British Library,Crawfurd Collection,Purchased
Add MS 12286,1,Semarang,London,,Wongsayuda,John Crawfurd,Unknown,
Add MS 12286,2,London,London,1842,John Crawfurd,British Library,Crawfurd Collection,Purchased
Add MS 12287,1,Java,London,1842,John Crawfurd,British Library,Crawfurd Collection,Purchased
Add MS 12288,1,Yogyakarta,London,,Sultan Hamengkubuwana II,John Crawfurd,Unknown,
Add MS 12288,2,London,London,1842,John Crawfurd,British Library,Crawfurd Collection,Purchased
Add MS 12289,1,Yogyakarta,London,,Sultan Hamengkubuwana II,John Crawfurd,Unknown,
Add MS 12289,2,London,London,1842,John Crawfurd,British Library,Crawfurd Collection,Purchased
Add MS 12290,1,Semarang,London,,Sura Adimanggala,John Crawfurd,,
Add MS 12290,2,London,London,1842,John Crawfurd,British Library,Crawfurd Collection,Purchased
Add MS 12291,1,Java,London,1842,John Crawfurd,British Library,Crawfurd Collection,Purchased
Add MS 12292,1,Semarang,London,,Wongsayuda,John Crawfurd,,
Add MS 12292,2,London,London,1842,John Crawfurd,British Library,Crawfurd Collection,Purchased
Add MS 12293,1,Java,London,,Setrajaya,John Crawfurd,,
Add MS 12293,2,London,London,1842,John Crawfurd,British Library,Crawfurd Collection,Purchased
Add MS 12294,1,Java,London,1842,John Crawfurd,British Library,Crawfurd Collection,Purchased
Add MS 12295,1,Java,London,1842,John Crawfurd,British Library,Crawfurd Collection,Purchased
Add MS 12296,1,Yogyakarta,London,,Setrawijaya,John Crawfurd,,
Add MS 12296,2,London,London,1842,John Crawfurd,British Library,Crawfurd Collection,Purchased
Add MS 12297,1,Java,London,,Tiyang Sepuh,John Crawfurd,,
Add MS 12297,2,London,London,1842,John Crawfurd,British Library,Crawfurd Collection,Purchased
Add MS 12298,1,Java,London,,Unknown,John Crawfurd,,
Add MS 12298,2,London,London,1842,John Crawfurd,British Library,Crawfurd Collection,Purchased
Add MS 12299,1,Java,London,1842,John Crawfurd,British Library,Crawfurd Collection,Purchased
Add MS 12300,1,Java,London,1842,John Crawfurd,British Library,,
Add MS 12301,1,Madiun,London,,Unknown,John Crawfurd,,
Add MS 12301,2,London,London,1842,John Crawfurd,British Library,Crawfurd Collection,Purchased
Add MS 12302,1,Java,London,,Tiyang Sepuh,John Crawfurd,,
Add MS 12302,2,London,London,1842,John Crawfurd,British Library,Crawfurd Collection,Purchased
Add MS 12303,1,Yogyakarta,London,,Sultan Hamengkubuwana II,John Crawfurd,,
Add MS 12303,2,London,London,1842,John Crawfurd,British Library,Crawfurd Collection,Purchased
Add MS 12304,1,Yogyakarta,London,,Raden Wirakusuma,John Crawfurd,,
Add MS 12304,2,London,London,1842,John Crawfurd,British Library,Crawfurd Collection,Purchased
Add MS 12305,1,Yogyakarta,London,,Raden Ayu Danukusuma,John Crawfurd,,
Add MS 12305,2,London,London,1842,John Crawfurd,British Library,Crawfurd Collection,Purchased
Add MS 12306,1,Java,London,1842,John Crawfurd,British Library,Crawfurd Collection,Purchased
Add MS 12307,1,Java,London,1842,John Crawfurd,British Library,Crawfurd Collection,Purchased
Add MS 12308,1,Yogyakarta,London,,Unknown,John Crawfurd,,
Add MS 12308,2,London,London,1842,John Crawfurd,British Library,Crawfurd Collection,Purchased
Add MS 12309,1,Java,London,1842,John Crawfurd,British Library,Crawfurd Collection,Purchased
Add MS 12310,1,Java,London,1842,John Crawfurd,British Library,Crawfurd Collection,Purchased
Add MS 12311,1,Java,London,1842,John Crawfurd,British Library,Crawfurd Collection,Purchased
Add MS 12313,1,Java,London,1842,John Crawfurd,British Library,Crawfurd Collection,Purchased
Add MS 12314,1,Java,London,1842,John Crawfurd,British Library,Crawfurd Collection,Purchased
Add MS 12315,1,Java,London,1842,John Crawfurd,British Library,Crawfurd Collection,Purchased
Add MS 12316,1,Yogyakarta,London,,Tumenggung Sumadiningrat,John Crawfurd,,
Add MS 12316,2,London,London,1842,John Crawfurd,British Library,Crawfurd Collection,Purchased
Add MS 12317,1,Java,London,,Tiyang Sepuh,John Crawfurd,,
Add MS 12317,2,London,London,1842,John Crawfurd,British Library,Crawfurd Collection,Purchased
Add MS 12318,1,Surakarta,London,,Unknown,John Crawfurd,,
Add MS 12318,2,London,London,1842,John Crawfurd,British Library,Crawfurd Collection,Purchased
Add MS 12319,1,Java,London,1842,John Crawfurd,British Library,Crawfurd Collection,Purchased
Add MS 12320,1,Yogyakarta,London,,Sultan Hamengkubuwana II,John Crawfurd,,
Add MS 12320,2,London,London,1842,John Crawfurd,British Library,Crawfurd Collection,Purchased
Add MS 12321,1,Sumenep,London,1814,Pangeran Sumenep,John Crawfurd,,
Add MS 12321,2,London,London,1842,John Crawfurd,British Library,Crawfurd Collection,Purchased
Add MS 12322,1,Semarang,London,,Wongsayuda,John Crawfurd,,
Add MS 12322,2,London,London,1842,John Crawfurd,British Library,Crawfurd Collection,Purchased
Add MS 12323,1,Semarang,London,,Wongsayuda,John Crawfurd,,
Add MS 12323,2,London,London,1842,John Crawfurd,British Library,Crawfurd Collection,Purchased
Add MS 12324,1,Java,London,1842,John Crawfurd,British Library,Crawfurd Collection,Purchased
Add MS 12325,1,Yogyakarta,London,,Unknown,John Crawfurd,,
Add MS 12325,2,London,London,1842,John Crawfurd,British Library,Crawfurd Collection,Purchased
Add MS 12326,1,Yogyakarta,London,,Unknown,John Crawfurd,,
Add MS 12326,2,London,London,1842,John Crawfurd,British Library,Crawfurd Collection,Purchased
Add MS 12327,1,Java,London,1842,John Crawfurd,British Library,Crawfurd Collection,Purchased
Add MS 12328,1,Java,London,1842,John Crawfurd,British Library,Crawfurd Collection,Purchased
Add MS 12329,1,Java,London,1842,John Crawfurd,British Library,Crawfurd Collection,Purchased
Add MS 12330,1,Yogyakarta,London,,Sultan Hamengkubuwana II,John Crawfurd,,
Add MS 12330,2,London,London,1842,John Crawfurd,British Library,Crawfurd Collection,Purchased
Add MS 12331,1,Java,London,1842,John Crawfurd,British Library,Crawfurd Collection,Purchased
Add MS 12332,1,Java,London,,Tiyang Sepuh,John Crawfurd,,
Add MS 12332,2,London,London,1842,John Crawfurd,British Library,Crawfurd Collection,Purchased
Add MS 12333,1,Java,London,1842,John Crawfurd,British Library,Crawfurd Collection,Purchased
Add MS 12334,1,Java,London,1842,John Crawfurd,British Library,Crawfurd Collection,Purchased
Add MS 12335,1,Java,London,1842,John Crawfurd,British Library,Crawfurd Collection,Purchased
Add MS 12337,1,Yogyakarta,London,,Pangeran Pakualam,John Crawfurd,,
Add MS 12337,2,London,London,1842,John Crawfurd,British Library,Crawfurd Collection,Purchased
Add MS 12338,1,Java,London,1842,John Crawfurd,British Library,Crawfurd Collection,Purchased
Add MS 12339,1,Java,London,1842,John Crawfurd,British Library,Crawfurd Collection,Purchased
Add MS 12340,1,Java,London,1842,John Crawfurd,British Library,Crawfurd Collection,Purchased
Add MS 12341,1,Java,London,1842,John Crawfurd,British Library,Crawfurd Collection,Purchased
Add MS 12342,1,Java,London,1842,John Crawfurd,British Library,Crawfurd Collection,Purchased
Add MS 12344,1,Java,London,1842,John Crawfurd,British Library,Crawfurd Collection,Purchased
Add MS 12345,1,Java,London,1842,John Crawfurd,British Library,Crawfurd Collection,Purchased
Add MS 12377,1,Java,London,1842,John Crawfurd,British Library,Crawfurd Collection,Purchased
Add MS 12387,1,Java,London,1842,John Crawfurd,British Library,Crawfurd Collection,Purchased
Add MS 14397,1,Java,London,1842,John Crawfurd,British Library,Crawfurd Collection,Purchased
Add MS 14851,1,Salatiga,London,1825,Gottlob Bruckner,London Missionary Society,,Presented to LMS by Bruckner
Add MS 14851,2,London,London,1844,London Missionary Society,British Museum,Edward Lumley,Purchased via Lumley
Add MS 18397,1,Java,London,1850,Unknown,British Library,B.Quaritch,
Add MS 18398,1,Cirebon,London,1850,Unknown,British Library,B.Quaritch,
Add MS 18577,1,Java,London,1851,John Crawfurd,British Library,Crawfurd Collection,
Add MS 18578,1,Java,London,1851,John Crawfurd,British Library,Crawfurd Collection,
Add MS 19413,1,Borneo,London,1853,Unknown,British Library,Charles Thomas,
IO Islamic 2446,1,Java,,1811,Pangeran Purbaya,,,
IO Islamic 2446,2,Unknown,Unknown,,Unknown,John Leyden,,Likely transferred post-1800s; origin uncertain
IO Islamic 2446,3,London,London,,John Leyden,British Library,,
IO Islamic 2617,1,Java,Madras,,Unknown,Colin Mackenzie,,
IO Islamic 2617,2,Madras,London,1823,Colin Mackenzie,British Library,India Office Library (Mackenzie Collection),
MSS Jav 1,1,Semarang,London,1812,Sura Adimanggala,Colin Mackenzie,,
MSS Jav 1,2,London,London,1823,Collin Mackenzie,British Library,India Office Library (Mackenzie Collection),
MSS Jav 10,1,Java,London,1823,Unknown,British Library,India Office Library (Mackenzie Collection),
MSS Jav 100,1,Rembang,Rembang,,Adipati Sura Adinagara,Thomas Raffles,,
MSS Jav 100,2,Rembang,London,1830,Thomas Raffles,British Library,Lady Raffles,
MSS Jav 101,1,Surakarta,London,1830,Thomas Raffles,British Library,Lady Raffles,
MSS Jav 102,1,Java,London,1830,Thomas Raffles,British Library,Lady Raffles,
MSS Jav 103,1,Yogyakarta,London,1830,Thomas Raffles,British Library,Lady Raffles,
MSS Jav 104,1,Java,London,1830,Thomas Raffles,British Library,Lady Raffles,
MSS Jav 11,1,Java,London,1823,Unknown,British Library,India Office Library (Mackenzie Collection),
MSS Jav 12,1,Java,London,1823,Unknown,British Library,India Office Library (Mackenzie Collection),
MSS Jav 13,1,Java,London,1823,Unknown,British Library,India Office Library (Mackenzie Collection),
MSS Jav 14,1,Java,London,1823,Unknown,British Library,India Office Library (Mackenzie Collection),
MSS Jav 15,1,Java,London,1823,Unknown,British Library,India Office Library (Mackenzie Collection),
MSS Jav 16,1,Java,London,1823,Unknown,British Library,India Office Library (Mackenzie Collection),
MSS Jav 17,1,Semarang,London,1823,Mertadirana,British Library,India Office Library (Mackenzie Collection),
MSS Jav 18,1,Semarang,London,1822,Sura Adimanggala,Colin Mackenzie,,
MSS Jav 18,2,London,London,1823,Colin Mackenzie,British Library,India Office Library (Mackenzie Collection),
MSS Jav 19,1,Yogyakarta,London,1823,Colin Mackenzie,British Library,India Office Library (Mackenzie Collection),
MSS Jav 2,1,Semarang,London,1812,Sura Adimanggala,Colin Mackenzie,,
MSS Jav 2,2,London,London,1823,Colin Mackenzie,British Library,India Office Library (Mackenzie Collection),
MSS Jav 20,1,Java,London,1823,Colin Mackenzie,British Library,India Office Library (Mackenzie Collection),
MSS Jav 21,1,Java,London,>1823,Unknown,Colin Mackenzie,,
MSS Jav 21,2,Java,London,1823,Colin Mackenzie,British Library,India Office Library (Mackenzie Collection),
MSS Jav 22,1,Java,London,>1823,Unknown,Colin Mackenzie,,
MSS Jav 22,2,Java,London,1823,Colin Mackenzie,British Library,India Office Library (Mackenzie Collection),
MSS Jav 23,1,Java,London,>1823,Unknown,Colin Mackenzie,,
MSS Jav 23,2,Java,London,1823,Colin Mackenzie,British Library,India Office Library (Mackenzie Collection),
MSS Jav 24,1,Yogyakarta,London,>1823,Unknown,Colin Mackenzie,,
MSS Jav 24,2,London,London,1823,Colin Mackenzie,British Library,India Office Library (Mackenzie Collection),
MSS Jav 25,1,Sumenep,Madras,1812,Pangeran Sumenep,Colin Mackenzie,Robert C Garnham,
MSS Jav 25,2,Madras,London,1823,Colin Mackenzie,British Library,India Office Library (Mackenzie Collection),
MSS Jav 26,1,Yogyakarta,Madras,>1823,Unknown,Colin Mackenzie,,
MSS Jav 26,2,Madras,London,1823,Colin Mackenzie,British Library,India Office Library (Mackenzie Collection),
MSS Jav 27,1,Java,Madras,>1823,Unknown,Colin Mackenzie,,
MSS Jav 27,2,Madras,London,1823,Colin Mackenzie,British Library,India Office Library (Mackenzie Collection),
MSS Jav 28,1,Surabaya,Madras,1812,Rothenbühler,Colin Mackenzie,,
MSS Jav 28,2,Madras,London,1823,Colin Mackenzie,British Library,India Office Library (Mackenzie Collection),
MSS Jav 29,1,Java,Madras,1812,Kyai Dipati Lasem Yudanagara,Colin Mackenzie,,
MSS Jav 29,2,Madras,London,1823,Colin Mackenzie,British Library,India Office Library (Mackenzie Collection),
MSS Jav 3,1,Semarang,London,1812,Sura Adimanggala,Colin Mackenzie,,
MSS Jav 3,2,London,London,1823,Collin Mackenzie,British Library,India Office Library (Mackenzie Collection),
MSS Jav 30,1,Surakarta,Madras,,Unknown,Colin Mackenzie,,
MSS Jav 30,2,Madras,London,1823,Colin Mackenzie,British Library,India Office Library (Mackenzie Collection),
MSS Jav 31,1,Sumenep,Madras,1812,Pangeran Sumenep,Colin Mackenzie,,
MSS Jav 31,2,Madras,London,1823,Colin Mackenzie,British Library,India Office Library (Mackenzie Collection),
MSS Jav 32,1,Java,Madras,>1823,Unknown,Colin Mackenzie,,
MSS Jav 32,2,Madras,London,1823,Colin Mackenzie,British Library,India Office Library (Mackenzie Collection),
MSS Jav 33,1,Yogyakarta,Madras,>1823,Unknown,Colin Mackenzie,,
MSS Jav 33,2,Madras,London,1823,Colin Mackenzie,British Library,India Office Library (Mackenzie Collection),
MSS Jav 34,1,Yogyakarta,Madras,1812,Mr. Krijgsman,Colin Mackenzie,,
MSS Jav 34,2,Madras,London,1823,Colin Mackenzie,British Library,India Office Library (Mackenzie Collection),
MSS Jav 35,1,Yogyakarta,Madras,>1823,Unknown,Colin Mackenzie,,
MSS Jav 35,2,Madras,London,1823,Colin Mackenzie,British Library,India Office Library (Mackenzie Collection),
MSS Jav 36,1,Yogyakarta,Madras,1812,Mr. Krijgsman,Colin Mackenzie,,
MSS Jav 36,2,Madras,London,1823,Colin Mackenzie,British Library,India Office Library (Mackenzie Collection),
MSS Jav 37,1,Java,Madras,>1823,Unknown,Colin Mackenzie,,
MSS Jav 37,2,Madras,London,1823,Colin Mackenzie,British Library,India Office Library (Mackenzie Collection),
MSS Jav 38,1,Java,Madras,>1823,Unknown,Colin Mackenzie,,
MSS Jav 38,2,Madras,London,1823,Colin Mackenzie,British Library,India Office Library (Mackenzie Collection),
MSS Jav 39,1,Java,Madras,>1823,Unknown,Colin Mackenzie,,
MSS Jav 39,2,Madras,London,1823,Colin Mackenzie,British Library,India Office Library (Mackenzie Collection),
MSS Jav 4,1,Java,London,,Wongsadirana,British Library,India Office Library (Mackenzie Collection),
MSS Jav 40,1,Surabaya,Madras,1812,Rothenbühler,Colin Mackenzie,,
MSS Jav 40,2,Madras,London,1823,Colin Mackenzie,British Library,India Office Library (Mackenzie Collection),
MSS Jav 41,1,Java,Madras,>1823,Unknown,Colin Mackenzie,,
MSS Jav 41,2,Madras,London,1823,Colin Mackenzie,British Library,India Office Library (Mackenzie Collection),
MSS Jav 42,1,Yogyakarta,Madras,1812,Kyahi Ngabehi Resasentika,Colin Mackenzie,,
MSS Jav 42,2,Madras,London,1823,Colin Mackenzie,British Library,India Office Library (Mackenzie Collection),
MSS Jav 43,1,Java,Madras,>1823,Unknown,Colin Mackenzie,,
MSS Jav 43,2,Madras,London,1823,Colin Mackenzie,British Library,India Office Library (Mackenzie Collection),
MSS Jav 44,1,Java,Madras,>1823,Unknown,Colin Mackenzie,,
MSS Jav 44,2,Madras,London,1823,Colin Mackenzie,British Library,India Office Library (Mackenzie Collection),
MSS Jav 45,1,Jipang,Madras,1812,Mas Ajeng Wongsaleksana,Colin Mackenzie,Major Johnson,
MSS Jav 45,2,Madras,London,1823,Colin Mackenzie,British Library,India Office Library (Mackenzie Collection),
MSS Jav 46,1,Yogyakarta,Madras,>1823,Raden Prawira Atmaja,Colin Mackenzie,,
MSS Jav 46,2,Madras,London,1823,Colin Mackenzie,British Library,India Office Library (Mackenzie Collection),
MSS Jav 47,1,Java,Madras,>1823,Unknown,Colin Mackenzie,,
MSS Jav 47,2,Madras,London,1823,Colin Mackenzie,British Library,India Office Library (Mackenzie Collection),
MSS Jav 48,1,Java,Madras,>1823,Unknown,Colin Mackenzie,,
MSS Jav 48,2,Madras,London,1823,Colin Mackenzie,British Library,India Office Library (Mackenzie Collection),
MSS Jav 49,1,Java,Madras,>1823,Raden Pringgakusuma,Colin Mackenzie,,
MSS Jav 49,2,Madras,London,1823,Colin Mackenzie,British Library,India Office Library (Mackenzie Collection),
MSS Jav 5,1,Unknown,Madras,1812,Mr.Princen,Colin Mackenzie,,
MSS Jav 5,2,Madras,London,1823,Colin Mackenzie,India Office Library,India Office Library (Mackenzie Collection),
MSS Jav 50,1,Jakarta,Madras,>1823,Salihin,Colin Mackenzie,,
MSS Jav 50,2,Madras,London,1823,Colin Mackenzie,British Library,India Office Library (Mackenzie Collection),
MSS Jav 51,1,Java,Madras,>1823,Unknown,Colin Mackenzie,,
MSS Jav 51,2,Madras,London,1823,Colin Mackenzie,British Library,India Office Library (Mackenzie Collection),
MSS Jav 52,1,Yogyakarta,Madras,>1823,Darpayuda,Colin Mackenzie,,
MSS Jav 52,2,Madras,London,1823,Colin Mackenzie,British Library,India Office Library (Mackenzie Collection),
MSS Jav 53 a,1,Puger,Madras,1812,"Unknown (abandoned site, Puger)",Colin Mackenzie,Villagers from Puger (per Mackenzie report),Said to be brought from a deserted house in the forest by villagers; possibly linked to Kyahi Tumenggung Puger
MSS Jav 53 a,2,Madras,London,1823,Colin Mackenzie,British Library,India Office Library (Mackenzie Collection),
MSS Jav 53 aa,1,Puger,Madras,1812,"Unknown (abandoned site, Puger)",Colin Mackenzie,Villagers from Puger (per Mackenzie report),Said to be brought from a deserted house in the forest by villagers; possibly linked to Kyahi Tumenggung Puger
MSS Jav 53 aa,2,Madras,London,1823,Colin Mackenzie,British Library,India Office Library (Mackenzie Collection),
MSS Jav 53 b,1,Puger,Madras,1812,"Unknown (abandoned site, Puger)",Colin Mackenzie,Villagers from Puger (per Mackenzie report),Said to be brought from a deserted house in the forest by villagers; possibly linked to Kyahi Tumenggung Puger
MSS Jav 53 b,2,Madras,London,1823,Colin Mackenzie,British Library,India Office Library (Mackenzie Collection),
MSS Jav 53 bb,1,Puger,Madras,1812,"Unknown (abandoned site, Puger)",Colin Mackenzie,Villagers from Puger (per Mackenzie report),Said to be brought from a deserted house in the forest by villagers; possibly linked to Kyahi Tumenggung Puger
MSS Jav 53 bb,2,Madras,London,1823,Colin Mackenzie,British Library,India Office Library (Mackenzie Collection),
MSS Jav 53 c,1,Puger,Madras,1812,"Unknown (abandoned site, Puger)",Colin Mackenzie,Villagers from Puger (per Mackenzie report),Said to be brought from a deserted house in the forest by villagers; possibly linked to Kyahi Tumenggung Puger
MSS Jav 53 c,2,Madras,London,1823,Colin Mackenzie,British Library,India Office Library (Mackenzie Collection),
MSS Jav 53 cc,1,Puger,Madras,1812,"Unknown (abandoned site, Puger)",Colin Mackenzie,Villagers from Puger (per Mackenzie report),Said to be brought from a deserted house in the forest by villagers; possibly linked to Kyahi Tumenggung Puger
MSS Jav 53 cc,2,Madras,London,1823,Colin Mackenzie,British Library,India Office Library (Mackenzie Collection),
MSS Jav 53 d,1,Puger,Madras,1812,"Unknown (abandoned site, Puger)",Colin Mackenzie,Villagers from Puger (per Mackenzie report),Said to be brought from a deserted house in the forest by villagers; possibly linked to Kyahi Tumenggung Puger
MSS Jav 53 d,2,Madras,London,1823,Colin Mackenzie,British Library,India Office Library (Mackenzie Collection),
MSS Jav 53 dd,1,Puger,Madras,1812,"Unknown (abandoned site, Puger)",Colin Mackenzie,Villagers from Puger (per Mackenzie report),Said to be brought from a deserted house in the forest by villagers; possibly linked to Kyahi Tumenggung Puger
MSS Jav 53 dd,2,Madras,London,1823,Colin Mackenzie,British Library,India Office Library (Mackenzie Collection),
MSS Jav 53 e,1,Puger,Madras,1812,"Unknown (abandoned site, Puger)",Colin Mackenzie,Villagers from Puger (per Mackenzie report),Said to be brought from a deserted house in the forest by villagers; possibly linked to Kyahi Tumenggung Puger
MSS Jav 53 e,2,Madras,London,1823,Colin Mackenzie,British Library,India Office Library (Mackenzie Collection),
MSS Jav 53 ee,1,Puger,Madras,1812,"Unknown (abandoned site, Puger)",Colin Mackenzie,Villagers from Puger (per Mackenzie report),Said to be brought from a deserted house in the forest by villagers; possibly linked to Kyahi Tumenggung Puger
MSS Jav 53 ee,2,Madras,London,1823,Colin Mackenzie,British Library,India Office Library (Mackenzie Collection),
MSS Jav 53 f,1,Puger,Madras,1812,"Unknown (abandoned site, Puger)",Colin Mackenzie,Villagers from Puger (per Mackenzie report),Said to be brought from a deserted house in the forest by villagers; possibly linked to Kyahi Tumenggung Puger
MSS Jav 53 f,2,Madras,London,1823,Colin Mackenzie,British Library,India Office Library (Mackenzie Collection),
MSS Jav 53 ff,1,Puger,Madras,1812,"Unknown (abandoned site, Puger)",Colin Mackenzie,Villagers from Puger (per Mackenzie report),Said to be brought from a deserted house in the forest by villagers; possibly linked to Kyahi Tumenggung Puger
MSS Jav 53 ff,2,Madras,London,1823,Colin Mackenzie,British Library,India Office Library (Mackenzie Collection),
MSS Jav 53 g,1,Puger,Madras,1812,"Unknown (abandoned site, Puger)",Colin Mackenzie,Villagers from Puger (per Mackenzie report),Said to be brought from a deserted house in the forest by villagers; possibly linked to Kyahi Tumenggung Puger
MSS Jav 53 g,2,Madras,London,1823,Colin Mackenzie,British Library,India Office Library (Mackenzie Collection),
MSS Jav 53 gg,1,Puger,Madras,1812,"Unknown (abandoned site, Puger)",Colin Mackenzie,Villagers from Puger (per Mackenzie report),Said to be brought from a deserted house in the forest by villagers; possibly linked to Kyahi Tumenggung Puger
MSS Jav 53 gg,2,Madras,London,1823,Colin Mackenzie,British Library,India Office Library (Mackenzie Collection),
MSS Jav 53 h,1,Puger,Madras,1812,"Unknown (abandoned site, Puger)",Colin Mackenzie,Villagers from Puger (per Mackenzie report),Said to be brought from a deserted house in the forest by villagers; possibly linked to Kyahi Tumenggung Puger
MSS Jav 53 h,2,Madras,London,1823,Colin Mackenzie,British Library,India Office Library (Mackenzie Collection),
MSS Jav 53 hh,1,Puger,Madras,1812,"Unknown (abandoned site, Puger)",Colin Mackenzie,Villagers from Puger (per Mackenzie report),Said to be brought from a deserted house in the forest by villagers; possibly linked to Kyahi Tumenggung Puger
MSS Jav 53 hh,2,Madras,London,1823,Colin Mackenzie,British Library,India Office Library (Mackenzie Collection),
MSS Jav 53 i,1,Puger,Madras,1812,"Unknown (abandoned site, Puger)",Colin Mackenzie,Villagers from Puger (per Mackenzie report),Said to be brought from a deserted house in the forest by villagers; possibly linked to Kyahi Tumenggung Puger
MSS Jav 53 i,2,Madras,London,1823,Colin Mackenzie,British Library,India Office Library (Mackenzie Collection),
MSS Jav 53 ii,1,Puger,Madras,1812,"Unknown (abandoned site, Puger)",Colin Mackenzie,Villagers from Puger (per Mackenzie report),Said to be brought from a deserted house in the forest by villagers; possibly linked to Kyahi Tumenggung Puger
MSS Jav 53 ii,2,Madras,London,1823,Colin Mackenzie,British Library,India Office Library (Mackenzie Collection),
MSS Jav 53 j,1,Puger,Madras,1812,"Unknown (abandoned site, Puger)",Colin Mackenzie,Villagers from Puger (per Mackenzie report),Said to be brought from a deserted house in the forest by villagers; possibly linked to Kyahi Tumenggung Puger
MSS Jav 53 j,2,Madras,London,1823,Colin Mackenzie,British Library,India Office Library (Mackenzie Collection),
MSS Jav 53 k,1,Puger,Madras,1812,"Unknown (abandoned site, Puger)",Colin Mackenzie,Villagers from Puger (per Mackenzie report),Said to be brought from a deserted house in the forest by villagers; possibly linked to Kyahi Tumenggung Puger
MSS Jav 53 k,2,Madras,London,1823,Colin Mackenzie,British Library,India Office Library (Mackenzie Collection),
MSS Jav 53 l,1,Puger,Madras,1812,"Unknown (abandoned site, Puger)",Colin Mackenzie,Villagers from Puger (per Mackenzie report),Said to be brought from a deserted house in the forest by villagers; possibly linked to Kyahi Tumenggung Puger
MSS Jav 53 l,2,Madras,London,1823,Colin Mackenzie,British Library,India Office Library (Mackenzie Collection),
MSS Jav 53 n,1,Puger,Madras,1812,"Unknown (abandoned site, Puger)",Colin Mackenzie,Villagers from Puger (per Mackenzie report),Said to be brought from a deserted house in the forest by villagers; possibly linked to Kyahi Tumenggung Puger
MSS Jav 53 n,2,Madras,London,1823,Colin Mackenzie,British Library,India Office Library (Mackenzie Collection),
MSS Jav 53 o,1,Puger,Madras,1812,"Unknown (abandoned site, Puger)",Colin Mackenzie,Villagers from Puger (per Mackenzie report),Said to be brought from a deserted house in the forest by villagers; possibly linked to Kyahi Tumenggung Puger
MSS Jav 53 o,2,Madras,London,1823,Colin Mackenzie,British Library,India Office Library (Mackenzie Collection),
MSS Jav 53 p,1,Puger,Madras,1812,"Unknown (abandoned site, Puger)",Colin Mackenzie,Villagers from Puger (per Mackenzie report),Said to be brought from a deserted house in the forest by villagers; possibly linked to Kyahi Tumenggung Puger
MSS Jav 53 p,2,Madras,London,1823,Colin Mackenzie,British Library,India Office Library (Mackenzie Collection),
MSS Jav 53 q,1,Puger,Madras,1812,"Unknown (abandoned site, Puger)",Colin Mackenzie,Villagers from Puger (per Mackenzie report),Said to be brought from a deserted house in the forest by villagers; possibly linked to Kyahi Tumenggung Puger
MSS Jav 53 q,2,Madras,London,1823,Colin Mackenzie,British Library,India Office Library (Mackenzie Collection),
MSS Jav 53 r,1,Puger,Madras,1812,"Unknown (abandoned site, Puger)",Colin Mackenzie,Villagers from Puger (per Mackenzie report),Said to be brought from a deserted house in the forest by villagers; possibly linked to Kyahi Tumenggung Puger
MSS Jav 53 r,2,Madras,London,1823,Colin Mackenzie,British Library,India Office Library (Mackenzie Collection),
MSS Jav 53 s,1,Puger,Madras,1812,"Unknown (abandoned site, Puger)",Colin Mackenzie,Villagers from Puger (per Mackenzie report),Said to be brought from a deserted house in the forest by villagers; possibly linked to Kyahi Tumenggung Puger
MSS Jav 53 s,2,Madras,London,1823,Colin Mackenzie,British Library,India Office Library (Mackenzie Collection),
MSS Jav 53 t,1,Puger,Madras,1812,"Unknown (abandoned site, Puger)",Colin Mackenzie,Villagers from Puger (per Mackenzie report),Said to be brought from a deserted house in the forest by villagers; possibly linked to Kyahi Tumenggung Puger
MSS Jav 53 t,2,Madras,London,1823,Colin Mackenzie,British Library,India Office Library (Mackenzie Collection),
MSS Jav 53 u,1,Puger,Madras,1812,"Unknown (abandoned site, Puger)",Colin Mackenzie,Villagers from Puger (per Mackenzie report),Said to be brought from a deserted house in the forest by villagers; possibly linked to Kyahi Tumenggung Puger
MSS Jav 53 u,2,Madras,London,1823,Colin Mackenzie,British Library,India Office Library (Mackenzie Collection),
MSS Jav 53 v,1,Puger,Madras,1812,"Unknown (abandoned site, Puger)",Colin Mackenzie,Villagers from Puger (per Mackenzie report),Said to be brought from a deserted house in the forest by villagers; possibly linked to Kyahi Tumenggung Puger
MSS Jav 53 v,2,Madras,London,1823,Colin Mackenzie,British Library,India Office Library (Mackenzie Collection),
MSS Jav 53 w,1,Puger,Madras,1812,"Unknown (abandoned site, Puger)",Colin Mackenzie,Villagers from Puger (per Mackenzie report),Said to be brought from a deserted house in the forest by villagers; possibly linked to Kyahi Tumenggung Puger
MSS Jav 53 w,2,Madras,London,1823,Colin Mackenzie,British Library,India Office Library (Mackenzie Collection),
MSS Jav 53 x,1,Puger,Madras,1812,"Unknown (abandoned site, Puger)",Colin Mackenzie,Villagers from Puger (per Mackenzie report),Said to be brought from a deserted house in the forest by villagers; possibly linked to Kyahi Tumenggung Puger
MSS Jav 53 x,2,Madras,London,1823,Colin Mackenzie,British Library,India Office Library (Mackenzie Collection),
MSS Jav 53 y,1,Puger,Madras,1812,"Unknown (abandoned site, Puger)",Colin Mackenzie,Villagers from Puger (per Mackenzie report),Said to be brought from a deserted house in the forest by villagers; possibly linked to Kyahi Tumenggung Puger
MSS Jav 53 y,2,Madras,London,1823,Colin Mackenzie,British Library,India Office Library (Mackenzie Collection),
MSS Jav 53 z,1,Puger,Madras,1812,"Unknown (abandoned site, Puger)",Colin Mackenzie,Villagers from Puger (per Mackenzie report),Said to be brought from a deserted house in the forest by villagers; possibly linked to Kyahi Tumenggung Puger
MSS Jav 53 z,2,Madras,London,1823,Colin Mackenzie,British Library,India Office Library (Mackenzie Collection),
MSS Jav 54,1,Yogyakarta,Madras,1812,Jogja Col,Colin Mackenzie,,
MSS Jav 54,2,Madras,London,1823,Colin Mackenzie,British Library,India Office Library (Mackenzie Collection),
MSS Jav 56,1,Java,Madras,>1823,Unknown,Colin Mackenzie,,
MSS Jav 56,2,Madras,London,1823,Colin Mackenzie,British Library,India Office Library (Mackenzie Collection),
MSS Jav 57,1,Java,Madras,>1823,Unknown,Colin Mackenzie,,
MSS Jav 57,2,Madras,London,1823,Colin Mackenzie,British Library,India Office Library (Mackenzie Collection),
MSS Jav 58,1,Yogyakarta,Madras,>1823,Unknown,Colin Mackenzie,,
MSS Jav 58,2,Madras,London,1823,Colin Mackenzie,British Library,India Office Library (Mackenzie Collection),
MSS Jav 59,1,Yogyakarta,Madras,>1823,Unknown,Colin Mackenzie,,
MSS Jav 59,2,Madras,London,1823,Colin Mackenzie,British Library,India Office Library (Mackenzie Collection),
MSS Jav 6,1,Java,Madras,>1823,Unknown,Colin Mackenzie,,
MSS Jav 6,2,Madras,London,1823,Colin Mackenzie,British Library,India Office Library (Mackenzie Collection),
MSS Jav 60,1,Java,Madras,>1823,Unknown,Colin Mackenzie,,
MSS Jav 60,2,Madras,London,1823,Colin Mackenzie,British Library,India Office Library (Mackenzie Collection),
MSS Jav 61,1,"Cirebon, Surabaya, Sumenep, Bali",Madras,1812,"Rawidjah, Rothenbühler, Pangeran Sumenep, Coupures, J.G. Vincent",Colin Mackenzie,,
MSS Jav 61,2,Madras,London,1823,Colin Mackenzie,British Library,India Office Library (Mackenzie Collection),
MSS Jav 63,1,Java,Madras,>1823,Unknown,Colin Mackenzie,,
MSS Jav 63,2,Madras,London,1823,Colin Mackenzie,British Library,India Office Library (Mackenzie Collection),
MSS Jav 64,1,Java,Madras,>1823,Unknown,Colin Mackenzie,,
MSS Jav 64,2,Madras,London,1823,Colin Mackenzie,British Library,India Office Library (Mackenzie Collection),
MSS Jav 65,1,Java,Madras,>1823,Unknown,Colin Mackenzie,,
MSS Jav 65,2,Madras,London,1823,Colin Mackenzie,British Library,India Office Library (Mackenzie Collection),
MSS Jav 66,1,Java,Madras,>1823,Unknown,Colin Mackenzie,,
MSS Jav 66,2,Madras,London,1823,Colin Mackenzie,British Library,India Office Library (Mackenzie Collection),
MSS Jav 67,1,Semarang,Madras,1812,Sura Adimanggala,Colin Mackenzie,,
MSS Jav 67,2,Madras,London,1823,Colin Mackenzie,British Library,India Office Library (Mackenzie Collection),
MSS Jav 68,1,Surabaya,Madras,1812,Madame Schaber,Colin Mackenzie,Rothenbühler,
MSS Jav 68,2,Madras,London,1823,Colin Mackenzie,British Library,India Office Library (Mackenzie Collection),
MSS Jav 69,1,Java,Madras,>1823,Unknown,Colin Mackenzie,,
MSS Jav 69,2,Madras,London,1823,Colin Mackenzie,British Library,India Office Library (Mackenzie Collection),
MSS Jav 7,1,Yogyakarta,Surabaya,1812,Dr. Studzee,Rothenbühler,,
MSS Jav 7,2,Surabaya,Madras,1812,Rothenbühler,Colin Mackenzie,,
MSS Jav 7,3,Madras,London,1823,Colin Mackenzie,British Library,India Office Library (Mackenzie Collection),
MSS Jav 70,1,Java,Madras,>1823,Unknown,Colin Mackenzie,,
MSS Jav 70,2,Madras,London,1823,Colin Mackenzie,British Library,India Office Library (Mackenzie Collection),
MSS Jav 71,1,Yogyakarta,Semarang,>1823,Unknown,J.G Vincent,,
MSS Jav 71,2,Semarang,Madras,>1823,J.G Vincent,Colin Mackenzie,,
MSS Jav 71,3,Madras,London,1823,Colin Mackenzie,British Library,India Office Library (Mackenzie Collection),
MSS Jav 72,1,Yogyakarta,Madras,>1823,Ki Ngabdul Zahid,Colin Mackenzie,,
MSS Jav 72,2,Madras,London,1823,Colin Mackenzie,British Library,India Office Library (Mackenzie Collection),
MSS Jav 73,1,Java,Madras,>1823,Unknown,Colin Mackenzie,,
MSS Jav 73,2,Madras,London,1823,Colin Mackenzie,British Library,India Office Library (Mackenzie Collection),
MSS Jav 74,1,Java,Madras,>1823,Unknown,Colin Mackenzie,,
MSS Jav 74,2,Madras,London,1823,Colin Mackenzie,British Library,India Office Library (Mackenzie Collection),
MSS Jav 75,1,Java,Madras,>1823,Unknown,Colin Mackenzie,,
MSS Jav 75,2,Madras,London,1823,Colin Mackenzie,British Library,India Office Library (Mackenzie Collection),
MSS Jav 76,1,Java,Madras,>1823,Unknown,Colin Mackenzie,,
MSS Jav 76,2,Madras,London,1823,Colin Mackenzie,British Library,India Office Library (Mackenzie Collection),
MSS Jav 77,1,Java,Madras,>1823,Unknown,Colin Mackenzie,,
MSS Jav 77,2,Madras,London,1823,Colin Mackenzie,British Library,India Office Library (Mackenzie Collection),
MSS Jav 78,1,Java,Madras,>1823,Unknown,Colin Mackenzie,,
MSS Jav 78,2,Madras,London,1823,Colin Mackenzie,British Library,India Office Library (Mackenzie Collection),
MSS Jav 79,1,Java,Madras,>1823,Unknown,Colin Mackenzie,,
MSS Jav 79,2,Madras,London,1823,Colin Mackenzie,British Library,India Office Library (Mackenzie Collection),
MSS Jav 8,1,Yogyakarta,Madras,>1823,Mas Cakrawijaya,Colin Mackenzie,,
MSS Jav 8,2,Madras,London,1823,Colin Mackenzie,British Library,India Office Library (Mackenzie Collection),
MSS Jav 80,1,Java,Madras,>1823,Unknown,Colin Mackenzie,,
MSS Jav 80,2,Madras,London,1823,Colin Mackenzie,British Library,India Office Library (Mackenzie Collection),
MSS Jav 81,1,Java,Madras,>1823,Unknown,Colin Mackenzie,,
MSS Jav 81,2,Madras,London,1823,Colin Mackenzie,British Library,India Office Library (Mackenzie Collection),
MSS Jav 82,1,Java,Madras,>1823,Unknown,Colin Mackenzie,,
MSS Jav 82,2,Madras,London,1823,Colin Mackenzie,British Library,India Office Library (Mackenzie Collection),
MSS Jav 83,1,Java,Madras,>1823,Unknown,Colin Mackenzie,,
MSS Jav 83,2,Madras,London,1823,Colin Mackenzie,British Library,India Office Library (Mackenzie Collection),
MSS Jav 84,1,Java,Madras,>1823,Unknown,Colin Mackenzie,,
MSS Jav 84,2,Madras,London,1823,Colin Mackenzie,British Library,India Office Library (Mackenzie Collection),
MSS Jav 85,1,Java,Madras,>1823,Unknown,Colin Mackenzie,,
MSS Jav 85,2,Madras,London,1823,Colin Mackenzie,British Library,India Office Library (Mackenzie Collection),
MSS Jav 86,1,Surakarta,Madras,1812,Sasradiningrat II,Colin Mackenzie,,
MSS Jav 86,2,Madras,London,1823,Colin Mackenzie,British Library,India Office Library (Mackenzie Collection),
MSS Jav 87,1,Yogyakarta,Madras,>1823,Unknown,Colin Mackenzie,,
MSS Jav 87,2,Madras,London,1823,Colin Mackenzie,British Library,India Office Library (Mackenzie Collection),
MSS Jav 88,1,Java,Madras,>1823,Unknown,Colin Mackenzie,,
MSS Jav 88,2,Madras,London,1823,Colin Mackenzie,British Library,India Office Library (Mackenzie Collection),
MSS Jav 89,1,Java,London,1815,Lt.Col Raban,British Library,,
MSS Jav 9,1,Yogyakarta,London,1823,Unknown,British Library,Mackenzie Collection,
MSS Jav 90,1,Rembang,London,,Unknown,British Library,Raffles Collection,
MSS Jav 91,1,Java,London,1830,Thomas Raffles,British Library,Lady Raffles,
MSS Jav 92,1,Yogyakarta,Java,1812,Dr. Studzee,Thomas Raffles,,
MSS Jav 92,2,Java,London,1830,Thomas Raffles,British Library,Lady Raffles,
MSS Jav 93,1,Java,London,1830,Thomas Raffles,British Library,Lady Raffles,
MSS Jav 94,1,Java,London,1830,Thomas Raffles,British Library,Lady Raffles,
MSS Jav 95,1,Java,London,1830,Thomas Raffles,British Library,Lady Raffles,
MSS Jav 96,1,Cirebon,London,1830,Thomas Raffles,British Library,Lady Raffles,
MSS Jav 97,1,Semarang,Semarang,1816,Sura Adimanggala,Thomas Raffles,,
MSS Jav 97,2,Semarang,London,1830,Thomas Raffles,British Library,Lady Raffles,
MSS Jav 98,1,Java,London,1830,Unknown,British Library,,
MSS Jav 99,1,Rembang,London,1830,Thomas Raffles,British Library,Lady Raffles,
Or 13329,1,Lombok,Madras,,Unknown,Colin Mackenzie,,
Or 13329,2,Madras,London,1823,Colin Mackenzie,British Library,India Office Library (Mackenzie Collection),
Or 13523,1,Kalisalak,London,1973,Ahmad Rifa'i,British Library,Unknown,
Or 13572,1,Java,London,,Unknown,British Library,Unknown,
Or 13576,1,Jakarta,Jakarta,1814,Ki Mas Dhaeng Nur 'Ali,W. Robinson,,
Or 13576,2,Jakarta,London,1974,W. Robinson,British Library,Philips sale,
Or 13826,1,Yogyakarta,London,1977,Unknown,British Library,Unknown,Purchased
Or 13827,1,Yogyakarta,London,1977,M.Martadjoemeno,British Library,Unknown,Purchased
Or 13828,1,Yogyakarta,London,1977,Danuatmaja,British Library,Unknown,Purchased
Or 13841,1,Java,London,1978,Unknown,British Library,Brill,Purchased
Or 13842,1,Java,London,1978,Unknown,British Library,Brill,Purchased
Or 13843,1,Java,London,1978,Unknown,British Library,Brill,Purchased
Or 14606,1,Java,London,1990,Unknown,British Library,Michael Goodwin,Presented
Or 14607,1,Java,London,1990,Unknown,British Library,Michael Goodwin,Presented
Or 14608,1,Java,London,1990,Unknown,British Library,Michael Goodwin,Presented
Or 14609,1,Java,London,1990,Unknown,British Library,Michael Goodwin,Presented
Or 15026,1,Java,London,1995,Bah Si Cong,British Library,Sam Fogg,Purchased
Or 15933,1,Java,London,,Unknown,British Library,Unknown,
Or 16678,1,Java,London,,Unknown,Yasin Hamid Safadi,,
Or 16678,2,London,London,2008,Yasin Hamid Safadi,British Library,Mrs. Hala Safadi,Donated
Or 16679,1,Java,London,,Unknown,Yasin Hamid Safadi,,
Or 16679,2,London,London,2008,Yasin Hamid Safadi,British Library,Mrs. Hala Safadi,Donated
Or 16803,1,Madura,London,2011,Unknown,British Library,Jill Morley-Smith,Acquired
Or 16878,1,Yogyakarta,London,1960,Unknown,Russell Jones,,Purchased
Or 16878,2,London,London,2013,Russell Jones,British Library,,Acquired
Or 16912,1,Lombok,London,,Unknown,British Library,,
Or 16913,1,Java,London,1953,Unknown,Alfred Johnson,,Purchased
Or 16913,2,London,London,2013,Alfred Johnson,British Library,John Johnson,Donated
Or 16914,1,Java,London,1953,Unknown,Alfred Johnson,,Purchased
Or 16914,2,London,London,2013,Alfred Johnson,British Library,John Johnson,Donated
Or 3583,1,Java,London,,,British Library,B. Farrer,
Or 5306,1,Lombok,London,,,,,
Or 6622,1,Cirebon,London,≤1905,,British Library,,Likely brought to Europe by A.W.H. Boram; his father-in-law Christiaan Albers (1837–1920) was a missionary in West Java and likely source.
Or 9333,1,Java,London,1924,W. Cranswick Nood,British Library,,Presented
Or 9809,1,Java,London,1927,Mrs. Williams,British Library,,Presented
